sample,lon,lat,population
al.inex-Ker-196745,-118.67484,34.86755,P_alticola
al.inex-Ker-231951,-118.348,35.12132,P_alticola
al.inex-Ker-240074,-118.30937,35.09131,P_alticola
a.-Gila-240433,-110.7247,33.36801,P_amplus_Salt_Gila
a.-Mcp-240447,-112.6368,33.16165,P_amplus_S_AZ
a.-Pinal-240471,-111.3215,33.18795,P_amplus_Salt_Gila
a.ammo-Cno-BY40971,-111.6366,36.7258,P_amplus_ColPlat
a.ammo-Cno-BY40972,-111.5234,35.8716,P_amplus_ColPlat
a.cine-Cno-240162,-111.35717,35.49001,P_amplus_ColPlat
a.jack-Lpz-239420,-113.54886,34.11398,P_amplus_NW_AZ
a.jack-Lpz-239431,-113.53696,33.92077,P_amplus_NW_AZ
a.jack-Yav-239452,-112.99473,34.10075,P_amplus_NW_AZ
a.perg-Mhv-239469,-113.76004,35.3836,P_amplus_NW_AZ
a.perg-Mhv-239472,-114.46447,35.47553,P_amplus_NW_AZ
a.perg-Mhv-239482,-113.65156,34.74142,P_amplus_NW_AZ
a.perg-Mhv-239497,-114.03725,34.79565,P_amplus_NW_AZ
a.rotu-Son-BY16056,-111.17462,29.006324,P_amplus_S_AZ
a.rotu-Mcp-239769,-112.54194,32.98652,P_amplus_S_AZ
a.rotu-Pim-239797,-112.85464,32.39045,P_amplus_S_AZ
a.rotu-Pim-239800,-112.85192,32.33622,P_amplus_S_AZ
flavescens-Cno-240485,-111.35717,35.49001,P_flavescens
flavus-Cno-240489,-111.35717,35.49001,P_flavus
i.-Ker-231956,-118.35362,35.12158,P_inornatus_E
i.-Ker-231962,-118.348,35.12132,P_inornatus_E
i.-Ker-231985,-119.1713,35.03774,P_inornatus_E
i.-Ker-231987,-118.80669,35.28859,P_inornatus_E
i.-Ker-240077,-118.348,35.12132,P_inornatus_E
i.-Ker-240078,-118.348,35.12132,P_inornatus_E
i.-LA-230885,-118.78549,34.76877,P_inornatus_E
i.-SB-231988,-119.48618,34.88526,P_inornatus_W
i.inor-CC-182836,-121.79381,37.9358996,P_inornatus_W
i.inor-Ker-223849,-118.85656,35.518585,P_inornatus_E
i.inor-Ker-240075,-118.92474,34.94144,P_inornatus_E
i.inor-Ker-240076,-118.92474,34.94144,P_inornatus_E
i.inor-Mad-195944,-120.24057,36.87633,P_inornatus_E
i.inor-Mad-199140,-119.71843,37.0949,P_inornatus_E
i.inor-Mer-183158,-120.91416,36.996303,P_inornatus_W
i.inor-Sta-208205,-120.46245,37.66912,P_inornatus_W
i.inor-Tul-182713,-119.37889,35.921603,P_inornatus_E
i.negl-Ala-217990,-121.57163,37.7102984,P_inornatus_W
i.negl-Ker-239508,-119.63084,35.33965,P_inornatus_W
i.negl-Kin-198281,-120.0391,35.8769,P_inornatus_W
i.negl-SJ-199159,-121.45167,37.67,P_inornatus_W
i.negl-SLO-184681,-119.57505,35.090748,P_inornatus_W
i.psa.-Mon-219645,-121.3169,36.4587,P_inornatus_W
i.-Ker-182539,-117.95355,34.8667197,P_inornatus_E
i.-Ker-182540,-118.06377,34.8816968,P_inornatus_E
i.-Ker-184638,-117.98668,34.9673361,P_inornatus_E
i.-Ker-184641,-117.75964,35.2887492,P_inornatus_E
i.-Sbd-182266,-117.58208,34.978333,P_inornatus_E
i.-Sbd-184679,-117.61071,34.7907281,P_inornatus_E
i.-Sbd-184680,-117.61071,34.7907281,P_inornatus_E
l.-Kan-BY23307,-110.3111483,37.3898883,P_longimembris_UpColR
l.-Kan-BY23320,-111.678135,37.15676,P_longimembris_AZ_hap5
l.-Te-BY24379,-113.9965833,40.8342167,P_longimembris_GrBas
l.-Te-BY24383,-112.0703,40.8856833,P_longimembris_GrBas
l.-Te-BY24385,-112.0992333,40.9450167,P_longimembris_GrBas
l.ariz-Cno-237916,-111.94943,36.68695,P_longimembris_UpColR
l.ariz-Cno-237920,-111.79857,36.69624,P_longimembris_UpColR
l.ariz-Kan-BY19247,-111.1007,37.35113,P_longimembris_UpColR
l.ariz-Mhv-237928,-113.62896,36.95668,P_longimembris_AZ_hap5
l.ariz-Mhv-237929,-113.55866,36.91669,P_longimembris_AZ_hap5
l.bang-Imp-184644,-115.8807,32.6794,P_longimembris_SE_CA
l.bang-Riv-184645,-116.76524,33.9151236,P_longimembris_SW_CA
l.bang-Riv-184656,-116.682,33.8905101,P_longimembris_SW_CA
l.bang-Riv-195954,-115.8065,33.6725,P_longimembris_Mojave
l.bang-Riv-206785,-116.65252,33.9166,P_longimembris_SW_CA
l.bang-Riv-206787,-116.65252,33.9166,P_longimembris_SW_CA
l.bang-SD-184664,-116.32915,33.204063,P_longimembris_SE_CA
l.bomb-Imp-239808,-114.75951,32.72584,P_longimembris_SE_CA
l.bomb-Lpz-239517,-114.46727,33.67586,P_longimembris_SW_AZ
l.bomb-Lpz-239534,-114.14065,34.12058,P_longimembris_SW_AZ
l.bomb-Lpz-239540,-113.5915,34.05902,P_longimembris_SW_AZ
l.bomb-Riv-239809,-114.68449,33.67004,P_longimembris_Mojave
l.bomb-Yuma-239805,-114.56663,32.55319,P_longimembris_SW_AZ
l.bomb-Yuma-239807,-113.81629,32.71968,P_longimembris_SW_AZ
l.brev-Riv-184669,-116.43558,33.5264423,P_longimembris_SW_CA
l.brev-Sbd-182969,-117.50348,34.1638124,P_longimembris_SW_CA
l.gulo-Mil-BY24369,-112.3828667,38.91113333,P_longimembris_GrBas
l.gulo-Mil-BY38316,-114.039306,39.066111,P_longimembris_GrBas
l.inor-SD-182971,-116.51082,33.114029,P_longimembris_SW_CA
l.inor-SD-182972,-116.59754,33.142072,P_longimembris_SW_CA
l.inor-SD-182975,-116.60544,33.117327,P_longimembris_SW_CA
l.long-Iny-219307,-118.12305,36.59187,P_longimembris_GrBas
l.long-Iny-219309,-118.16474,36.59771,P_longimembris_GrBas
l.long-Iny-221330,-118.05676,36.54234,P_longimembris_GrBas
l.long-Iny-221335,-118.13296,36.8012,P_longimembris_GrBas
l.long-Iny-221339,-118.26373,36.7461,P_longimembris_GrBas
l.long-Iny-221340,-118.21339,36.79087,P_longimembris_GrBas
l.long-Iny-223667,-118.10244,36.5051,P_longimembris_GrBas
l.long-Iny-223674,-118.02917,36.27383,P_longimembris_Mojave
l.long-Iny-223678,-117.85741,36.4756,P_longimembris_Mojave
l.long-Iny-231997,-118.38314,37.39917,P_longimembris_GrBas
l.long-Iny-232004,-118.25752,36.77386,P_longimembris_GrBas
l.long-Iny-232022,-118.01131,36.57564,P_longimembris_GrBas
l.long-Ker-221999,-118.03209,35.41361,P_longimembris_Mojave
l.long-Ker-222921,-118.1711,35.726741,P_inornatus_E
l.long-Ker-232024,-118.30149,34.98466,P_longimembris_Mojave
l.long-Riv-195957,-116.33711,34.1350932,P_longimembris_Mojave
l.long-Sbd-145701,-117.58999,35.4737227,P_longimembris_Mojave
l.long-Sbd-195191,-116.37733,34.7647,P_longimembris_Mojave
l.long-Sbd-232027,-117.61326,35.61673,P_longimembris_Mojave
l.long-Sbd-238464,-115.68294,35.46636,P_longimembris_Mojave
l.long-Sbd-238466,-115.43007,35.12494,P_longimembris_Mojave
l.long-Ven-239565,-119.08802,34.7401,P_longimembris_Mojave
l.neva-Hum-BY34451,-118.42499,41.59077,P_longimembris_GrBas
l.paci-Ora-195949,-117.7151,33.4606,P_longimembris_SW_CA
l.paci-SD-195951,-117.3569,33.3457,P_longimembris_SW_CA
l.pana-Cc-BY39249,-115.45974,36.281,P_longimembris_Mojave
l.pana-Iny-231992,-118.04659,37.26033,P_longimembris_GrBas
l.pana-Iny-232681,-117.14554,36.38684,P_longimembris_Mojave
l.pana-Iny-232686,-116.61975,36.18244,P_longimembris_GrBas
l.pana-Iny-232701,-117.56951,36.5157,P_longimembris_Mojave
l.pana-Iny-234805,-117.05938,35.91085,P_longimembris_Mojave
l.pana-Iny-234832,-117.66538,37.11206,P_longimembris_GrBas
l.pana-Iny-236086,-117.87267,37.28619,P_longimembris_GrBas
l.pana-Iny-236093,-118.06433,37.31761,P_longimembris_GrBas
l.pana-Mno-223687,-118.45939,37.91354,P_longimembris_GrBas
l.pana-Nye-227114,-117.25175,38.5076,P_longimembris_GrBas
l.pana-Nye-234811,-116.81751,37.04221,P_longimembris_GrBas
l.pana-Nye-234824,-116.59855,36.63419,P_longimembris_GrBas
l.sali-Iny-233243,-117.8659,36.75584,P_longimembris_GrBas
l.sali-Iny-234847,-117.84316,36.73079,P_longimembris_GrBas
l.tula-Tul-240095,-118.13603,36.02264,P_longimembris_Mojave
l.virg-Cc-237959,-114.23616,36.7628,P_longimembris_VirRiv
l.virg-Cc-237962,-114.17549,36.71445,P_longimembris_AZ_hap6
l.virg-Lin-237982,-115.34589,37.4737,P_longimembris_VirRiv
l.virg-Mhv-237953,-113.90114,36.89228,P_longimembris_AZ_hap6
l.virg-Wa-BY41697,-114.0098,37.121,P_longimembris_VirRiv
m.mo-Las-217828,-120.83904,40.58688,P_mollipilosus_2
m.mo-Las-218371,-120.13889,40.82822,P_mollipilosus_2
m.mo-Las-220552,-120.61235,40.80434,P_mollipilosus_2
m.mo-Mod-197255,-120.03254,41.58266,P_mollipilosus_2
m.mo-Mod-218846,-120.24495,41.4594167,P_mollipilosus_2
m.mo-Mod-218849,-120.24495,41.4594167,P_mollipilosus_2
m.mo-Mod-223064,-121.29522,41.205391,P_mollipilosus_1
m.mo-Mod-223065,-121.34579,41.647171,P_mollipilosus_1
m.mo-Mod-223070,-121.35767,41.465848,P_mollipilosus_1
m.mo-Plu-217060,-120.12616,39.82322,P_mollipilosus_2
m.mo-Plu-217061,-120.12616,39.82322,P_mollipilosus_2
m.mo-Plu-217063,-120.12616,39.82322,P_mollipilosus_2
m.oliv-Alp-224247,-119.63721,38.32799,P_mollipilosus_2
m.oliv-Iny-216406,-118.15524,37.2838,P_mollipilosus_2
m.oliv-Iny-219326,-118.30978,36.79992,P_mollipilosus_2
m.oliv-Iny-221348,-118.11063,36.98169,P_mollipilosus_2
m.oliv-Iny-221368,-118.5731,37.25578,P_mollipilosus_2
m.oliv-Iny-224870,-118.05,37.41685,P_mollipilosus_2
m.oliv-Iny-232708,-117.52314,36.54051,P_mollipilosus_2
m.oliv-Iny-236101,-117.9731,37.05201,P_mollipilosus_2
m.oliv-Mno-150030,-118.8046,37.7129,P_mollipilosus_2
m.oliv-Mno-216405,-119.12977,37.90028,P_mollipilosus_2
m.oliv-Mno-222172,-118.18094,37.49232,P_mollipilosus_2
m.oliv-Mno-223696,-118.45592,37.80368,P_mollipilosus_2
m.oliv-Mno-224249,-118.70277,37.53739,P_mollipilosus_2
m.oliv-Mno-238467,-118.61251,37.93889,P_mollipilosus_2
